id;uuid;id_document;id_number;date_of_birth;first_name;last_name
1;3f61a8b9-383d-4574-b66c-4bdf20f47dd8;SOUTH_AFRICAN_ID;under a which;2026-03-08;Iliana;Kuphal
2;74a4b541-6d64-474c-97d2-087f9e0d2a63;PASSPORT;commonly save;2026-03-08;Onie;Lemke
3;1be9b3cc-9f33-450d-81be-8393a6d3bfd7;SOUTH_AFRICAN_ID;gah;2026-03-07;Elta;Beahan
4;3beb3a9c-2132-44ae-8540-674de9cb2d1b;PASSPORT;unless incline;2026-03-07;Wallace;Nader
5;43873ba7-0521-42a2-9770-7f0083a5346f;SOUTH_AFRICAN_ID;but;2026-03-07;Randy;Lehner
6;98d5e256-40fe-4fc3-a17e-f3dfc41a8269;PASSPORT;whale unearth woot;2026-03-08;Jayce;Gleason-Berge
7;85b7de15-da93-400b-8e11-5dd685e06114;PASSPORT;across pecan however;2026-03-08;Josianne;Osinski
8;da5325cd-f3b0-42cb-8edb-c0fa33616516;PASSPORT;minion readily uh-huh;2026-03-08;Joanny;Lakin
9;ac4f400b-fff4-4840-8b8c-d99fb3f05ed4;PASSPORT;aside short;2026-03-08;General;Hegmann
10;b64d8b66-b795-44b1-b7d2-a87d677b30ed;SOUTH_AFRICAN_ID;teeming;2026-03-07;Ada;Mohr
